qid,nl_question,query_class,difficulty,gold_sql,gold_result_hash,notes,split
Q001,How many events are in the OCEL log?,count_filter,easy,SELECT COUNT(*) AS n_events FROM events,823020149d4c3052494372fcb281a63f087cb5ce4c5982a690f332de7126656a,verified_v1,test
Q002,What is the total number of events recorded?,count_filter,easy,SELECT COUNT(*) AS n_events FROM events,823020149d4c3052494372fcb281a63f087cb5ce4c5982a690f332de7126656a,verified_v1,test
Q003,Count all events in the event table.,count_filter,easy,SELECT COUNT(*) AS n_events FROM events,823020149d4c3052494372fcb281a63f087cb5ce4c5982a690f332de7126656a,verified_v1,dev
Q004,How many billing_created events are there?,count_filter,easy,SELECT COUNT(*) AS n_billing_events FROM events WHERE event_type = 'billing_created',cb0183f6087206caadadf3285e6d9671fea21911dbfb7c7cfc00c76603b7d108,verified_v1,dev
Q005,Count invoice creation events.,count_filter,easy,SELECT COUNT(*) AS n_billing_events FROM events WHERE event_type = 'billing_created',cb0183f6087206caadadf3285e6d9671fea21911dbfb7c7cfc00c76603b7d108,verified_v1,dev
Q006,What is the total number of billing creation events?,count_filter,easy,SELECT COUNT(*) AS n_billing_events FROM events WHERE event_type = 'billing_created',cb0183f6087206caadadf3285e6d9671fea21911dbfb7c7cfc00c76603b7d108,verified_v1,test
Q007,What are the top 5 event types by frequency?,group_topk,easy,"SELECT event_type, COUNT(*) AS n FROM events GROUP BY event_type ORDER BY n DESC LIMIT 5",cee0c389750a7041b444b3f2a8b10cd5e6fda85ab24fb09e2720eee78aa5e6eb,verified_v1,dev
Q008,Show the five most common event types.,group_topk,easy,"SELECT event_type, COUNT(*) AS n FROM events GROUP BY event_type ORDER BY n DESC LIMIT 5",cee0c389750a7041b444b3f2a8b10cd5e6fda85ab24fb09e2720eee78aa5e6eb,verified_v1,dev
Q009,List the top event types with their counts.,group_topk,easy,"SELECT event_type, COUNT(*) AS n FROM events GROUP BY event_type ORDER BY n DESC LIMIT 5",cee0c389750a7041b444b3f2a8b10cd5e6fda85ab24fb09e2720eee78aa5e6eb,verified_v1,test
Q010,How many objects do we have per object type?,group_topk,easy,"SELECT object_type, COUNT(*) AS n FROM objects GROUP BY object_type ORDER BY n DESC",a227d639b4955616abc2e38af8a2f29a48d701c8e5bd24644218f072b5f9fe0e,verified_v1,dev
Q011,Show object counts by object type.,group_topk,easy,"SELECT object_type, COUNT(*) AS n FROM objects GROUP BY object_type ORDER BY n DESC",a227d639b4955616abc2e38af8a2f29a48d701c8e5bd24644218f072b5f9fe0e,verified_v1,dev
Q012,Break down objects by type.,group_topk,easy,"SELECT object_type, COUNT(*) AS n FROM objects GROUP BY object_type ORDER BY n DESC",a227d639b4955616abc2e38af8a2f29a48d701c8e5bd24644218f072b5f9fe0e,verified_v1,test
Q013,How many relations exist by relation type?,path_relation,medium,"SELECT relation_type, COUNT(*) AS n FROM relations GROUP BY relation_type ORDER BY n DESC",8915d1fcf6bf5237c66c0b068fe4510a70a9e19d50e112a005623e183b8169b8,verified_v1,test
Q014,Show relation counts per relation type.,path_relation,medium,"SELECT relation_type, COUNT(*) AS n FROM relations GROUP BY relation_type ORDER BY n DESC",8915d1fcf6bf5237c66c0b068fe4510a70a9e19d50e112a005623e183b8169b8,verified_v1,test
Q015,Break down the relation graph by edge type.,path_relation,medium,"SELECT relation_type, COUNT(*) AS n FROM relations GROUP BY relation_type ORDER BY n DESC",8915d1fcf6bf5237c66c0b068fe4510a70a9e19d50e112a005623e183b8169b8,verified_v1,dev
Q016,How many billing documents are linked to AR items?,path_relation,medium,SELECT COUNT(*) AS n FROM relations WHERE relation_type = 'billing_to_ar',e7879eac24fc5841fdbd3067f55421f04b4bf6972e44c6fe25fbebfd8cfe3e1c,verified_v1,dev
Q017,Count billing_to_ar relations.,path_relation,medium,SELECT COUNT(*) AS n FROM relations WHERE relation_type = 'billing_to_ar',e7879eac24fc5841fdbd3067f55421f04b4bf6972e44c6fe25fbebfd8cfe3e1c,verified_v1,dev
Q018,How many billing-to-AR links exist?,path_relation,medium,SELECT COUNT(*) AS n FROM relations WHERE relation_type = 'billing_to_ar',e7879eac24fc5841fdbd3067f55421f04b4bf6972e44c6fe25fbebfd8cfe3e1c,verified_v1,test
Q019,Show yearly billing_created event counts.,temporal_trend,medium,"SELECT year(timestamp) AS year, COUNT(*) AS n FROM events WHERE event_type = 'billing_created' GROUP BY year ORDER BY year",8b9295dc90cfe762aca0d5c4707d45afdc0184cce0e33f1487d46151fe39244c,verified_v1,dev
Q020,How many billing creation events occurred each year?,temporal_trend,medium,"SELECT year(timestamp) AS year, COUNT(*) AS n FROM events WHERE event_type = 'billing_created' GROUP BY year ORDER BY year",8b9295dc90cfe762aca0d5c4707d45afdc0184cce0e33f1487d46151fe39244c,verified_v1,dev
Q021,Trend of invoice creation events by year.,temporal_trend,medium,"SELECT year(timestamp) AS year, COUNT(*) AS n FROM events WHERE event_type = 'billing_created' GROUP BY year ORDER BY year",8b9295dc90cfe762aca0d5c4707d45afdc0184cce0e33f1487d46151fe39244c,verified_v1,test
Q022,How many dunning_raised events occurred per month in 2006?,temporal_trend,medium,"SELECT month(timestamp) AS month, COUNT(*) AS n FROM events WHERE event_type = 'dunning_raised' AND year(timestamp) = 2006 GROUP BY month ORDER BY month",1e1fd0ed784ae73036b379d69a848277e9c3206db8541ddb395b338b9d503cbd,verified_v1,dev
Q023,Monthly dunning event counts for 2006.,temporal_trend,medium,"SELECT month(timestamp) AS month, COUNT(*) AS n FROM events WHERE event_type = 'dunning_raised' AND year(timestamp) = 2006 GROUP BY month ORDER BY month",1e1fd0ed784ae73036b379d69a848277e9c3206db8541ddb395b338b9d503cbd,verified_v1,dev
Q024,Show dunning trend by month for 2006.,temporal_trend,medium,"SELECT month(timestamp) AS month, COUNT(*) AS n FROM events WHERE event_type = 'dunning_raised' AND year(timestamp) = 2006 GROUP BY month ORDER BY month",1e1fd0ed784ae73036b379d69a848277e9c3206db8541ddb395b338b9d503cbd,verified_v1,dev
Q025,What is the average number of days from billing creation to payment clearing?,delay_analysis,hard,"WITH bill AS ( SELECT object_id, timestamp AS bill_ts FROM events WHERE event_type = 'billing_created' AND object_type = 'billing_doc' ), pay AS ( SELECT object_id, timestamp AS pay_ts FROM events WHERE event_type = 'payment_clearing' AND object_type = 'ar_item' ), links AS ( SELECT from_object_id AS bill_id, to_object_id AS ar_id FROM relations WHERE relation_type = 'billing_to_ar' ) SELECT AVG(date_diff('day', bill.bill_ts, pay.pay_ts)) AS avg_days_to_clear FROM links JOIN bill ON bill.object_id = links.bill_id JOIN pay ON pay.object_id = links.ar_id",7212ea07f60a9beed62d027c136be169872772c6de97b20264c952276999e41e,verified_v1,dev
Q026,"On average, how long does cash clearing take after billing?",delay_analysis,hard,"WITH bill AS ( SELECT object_id, timestamp AS bill_ts FROM events WHERE event_type = 'billing_created' AND object_type = 'billing_doc' ), pay AS ( SELECT object_id, timestamp AS pay_ts FROM events WHERE event_type = 'payment_clearing' AND object_type = 'ar_item' ), links AS ( SELECT from_object_id AS bill_id, to_object_id AS ar_id FROM relations WHERE relation_type = 'billing_to_ar' ) SELECT AVG(date_diff('day', bill.bill_ts, pay.pay_ts)) AS avg_days_to_clear FROM links JOIN bill ON bill.object_id = links.bill_id JOIN pay ON pay.object_id = links.ar_id",7212ea07f60a9beed62d027c136be169872772c6de97b20264c952276999e41e,verified_v1,test
Q027,Average days between invoice creation and payment clearing.,delay_analysis,hard,"WITH bill AS ( SELECT object_id, timestamp AS bill_ts FROM events WHERE event_type = 'billing_created' AND object_type = 'billing_doc' ), pay AS ( SELECT object_id, timestamp AS pay_ts FROM events WHERE event_type = 'payment_clearing' AND object_type = 'ar_item' ), links AS ( SELECT from_object_id AS bill_id, to_object_id AS ar_id FROM relations WHERE relation_type = 'billing_to_ar' ) SELECT AVG(date_diff('day', bill.bill_ts, pay.pay_ts)) AS avg_days_to_clear FROM links JOIN bill ON bill.object_id = links.bill_id JOIN pay ON pay.object_id = links.ar_id",7212ea07f60a9beed62d027c136be169872772c6de97b20264c952276999e41e,verified_v1,dev
Q028,How many billing-to-payment cases take more than 873 days?,anomaly_filter,hard,"WITH bill AS (
    SELECT object_id, timestamp AS bill_ts
    FROM events WHERE event_type='billing_created' AND object_type='billing_doc'
),
pay AS (
    SELECT object_id, timestamp AS pay_ts
    FROM events WHERE event_type='payment_clearing' AND object_type='ar_item'
),
links AS (
    SELECT from_object_id AS bill_id, to_object_id AS ar_id
    FROM relations WHERE relation_type='billing_to_ar'
)
SELECT COUNT(*) AS n_anomalous_cases
FROM links
JOIN bill ON bill.object_id = links.bill_id
JOIN pay  ON pay.object_id  = links.ar_id
WHERE date_diff('day', bill.bill_ts, pay.pay_ts) > 873",35b299fdd631a957b08c47b4f573b4f8b02ef1677f3f13cc42202dc9ad572cc2,verified_v1,dev
Q029,Count long clearing gaps above 873 days.,anomaly_filter,hard,"WITH bill AS (
    SELECT object_id, timestamp AS bill_ts
    FROM events WHERE event_type='billing_created' AND object_type='billing_doc'
),
pay AS (
    SELECT object_id, timestamp AS pay_ts
    FROM events WHERE event_type='payment_clearing' AND object_type='ar_item'
),
links AS (
    SELECT from_object_id AS bill_id, to_object_id AS ar_id
    FROM relations WHERE relation_type='billing_to_ar'
)
SELECT COUNT(*) AS n_long_gaps
FROM links
JOIN bill ON bill.object_id = links.bill_id
JOIN pay  ON pay.object_id  = links.ar_id
WHERE date_diff('day', bill.bill_ts, pay.pay_ts) > 873",35b299fdd631a957b08c47b4f573b4f8b02ef1677f3f13cc42202dc9ad572cc2,verified_v1,dev
Q030,How many invoice-to-payment links exceed a 873-day delay?,anomaly_filter,hard,"WITH bill AS (
    SELECT object_id, timestamp AS bill_ts
    FROM events WHERE event_type='billing_created' AND object_type='billing_doc'
),
pay AS (
    SELECT object_id, timestamp AS pay_ts
    FROM events WHERE event_type='payment_clearing' AND object_type='ar_item'
),
links AS (
    SELECT from_object_id AS bill_id, to_object_id AS ar_id
    FROM relations WHERE relation_type='billing_to_ar'
)
SELECT COUNT(*) AS n_exceeded
FROM links
JOIN bill ON bill.object_id = links.bill_id
JOIN pay  ON pay.object_id  = links.ar_id
WHERE date_diff('day', bill.bill_ts, pay.pay_ts) > 873",35b299fdd631a957b08c47b4f573b4f8b02ef1677f3f13cc42202dc9ad572cc2,verified_v1,test
Q031,How many order creation events are there?,count_filter,easy,SELECT COUNT(*) AS n FROM events WHERE event_type = 'order_created',af739fd4d003277226731f065f0f27363113cea0bf5741736ef3e984fd2cb400,verified_v1,dev
Q032,How many payment clearing events are in the log?,count_filter,easy,SELECT COUNT(*) AS n FROM events WHERE event_type = 'payment_clearing',fedd682913f1c4dce2b82359c51bcf5aaf42d2606688cb3979c290cdfc9a388e,verified_v1,dev
Q033,Count all goods issue events.,count_filter,easy,SELECT COUNT(*) AS n FROM events WHERE event_type = 'goods_issue',71c12dcf1f5ef5bfebb82cc73034cc57609673d5e7acff8f0ad0d889ebf5333e,verified_v1,dev
Q034,How many distinct customers are in the log?,count_filter,easy,SELECT COUNT(*) AS n FROM objects WHERE object_type = 'customer',2bb2c3e212922d41a53fb82a0960c81a4b72487c247c0d005bc43793819b67c0,verified_v1,dev
Q035,How many unique materials appear in the OCEL?,count_filter,easy,SELECT COUNT(*) AS n FROM objects WHERE object_type = 'material',c646566b9ee2118597085ce4955daefe0f09ad5e8d8992a30bb4fa78b7231605,verified_v1,test
Q036,Show yearly order creation event counts.,temporal_trend,medium,"SELECT year(timestamp) AS year, COUNT(*) AS n FROM events WHERE event_type = 'order_created' GROUP BY year ORDER BY year",36f57a4eca4f88bedfb93f510f570ca3b10060c5c6d6b46ea82deb35b9802ef2,verified_v1,dev
Q037,How many payment clearing events occurred each year?,temporal_trend,medium,"SELECT year(timestamp) AS year, COUNT(*) AS n FROM events WHERE event_type = 'payment_clearing' GROUP BY year ORDER BY year",8b6e406960ba0747b42901d6ca8982aeab18cf328c88a0ec38181d273b22a6ad,verified_v1,dev
Q038,How many goods issue events happened in 2005?,count_filter,easy,SELECT COUNT(*) AS n FROM events WHERE event_type = 'goods_issue' AND year(timestamp) = 2005,8e0af33a9584a8b984ef91014d5f6b13ac2c75d0140df7a26b52715e37ae4ffd,verified_v1,dev
Q039,How many order items are linked to delivery items?,path_relation,medium,SELECT COUNT(*) AS n FROM relations WHERE relation_type = 'order_to_delivery',4cf5919b8a44e12ae5d782696fe2a561410f7c2ea1947dcb8dd1dc0e4536e418,verified_v1,dev
Q040,How many order-to-customer links exist?,path_relation,medium,SELECT COUNT(*) AS n FROM relations WHERE relation_type = 'order_to_customer',092ce16bf23dd99f1b22bf467c8b507aa36631fb9d6db8346df9df8b5e05b996,verified_v1,test
Q041,What is the yearly trend of delivery creation events?,temporal_trend,medium,"SELECT year(timestamp) AS year, COUNT(*) AS n FROM events WHERE event_type = 'delivery_created' GROUP BY year ORDER BY year",dffb4889e62344a45845e8df065f8bcb8e23fcf2e30d2061dd2dfadd081ded39,verified_v1,dev
Q042,What is the average number of days between order creation and delivery creation?,delay_analysis,hard,"WITH ord AS ( SELECT object_id, timestamp AS order_ts FROM events WHERE event_type = 'order_created' AND object_type = 'order_item' ), del AS ( SELECT object_id, timestamp AS delivery_ts FROM events WHERE event_type = 'delivery_created' AND object_type = 'delivery_item' ), links AS ( SELECT from_object_id AS ord_id, SPLIT_PART(to_object_id, '_', 1) AS del_id FROM relations WHERE relation_type = 'order_to_delivery' ) SELECT AVG(date_diff('day', ord.order_ts, del.delivery_ts)) AS avg_days_to_deliver FROM links JOIN ord ON ord.object_id = links.ord_id JOIN del ON del.object_id = links.del_id",ee87eb11ce1b2e4f5db3574a02e8fb9b7f8957ef964d978c2be801e8b7b8f463,verified_v1,dev
Q043,How many order items received a dunning notice?,anomaly_filter,hard,SELECT COUNT(DISTINCT e.object_id) AS n_dunned_orders FROM events e JOIN relations r ON e.object_id = r.to_object_id WHERE e.event_type = 'dunning_raised' AND r.relation_type = 'order_to_customer',445c49a31c9ea23cdd0a2d35c928b3bdfa784de56ad24fb693186661bbd0855b,verified_v1,test
Q044,How many billing documents exist per currency?,group_topk,medium,"SELECT WAERK AS currency, COUNT(*) AS n FROM objects WHERE object_type = 'billing_doc' AND WAERK IS NOT NULL GROUP BY WAERK ORDER BY n DESC",8e599440a30a2790955fe2f70cbec05f6c429ea9a4244c9389a3d92aa5bf6c68,verified_v1,test
Q045,How many AR items have been cleared?,count_filter,easy,SELECT COUNT(*) AS n FROM objects WHERE object_type = 'ar_item' AND cleared = true,fedd682913f1c4dce2b82359c51bcf5aaf42d2606688cb3979c290cdfc9a388e,verified_v1,dev
Q046,How many order items were never linked to a delivery?,path_relation,medium,"SELECT COUNT(DISTINCT o.object_id) AS n_orders_skipping_delivery
FROM objects o
WHERE o.object_type = 'order_item'
  AND NOT EXISTS (
      SELECT 1 FROM relations r
      WHERE r.from_object_id = o.object_id
        AND r.relation_type = 'order_to_delivery'
  )",9ddfb779750442a86669b2a05a21464ebaebb85ce4574c43e52d698aae89fe46,verified_v1,dev
Q047,How many order items are linked to a customer that received a dunning notice?,path_relation,hard,"SELECT COUNT(DISTINCT o.object_id) AS n_orders_with_dunning_customer
FROM objects o
WHERE o.object_type = 'order_item'
  AND EXISTS (
      SELECT 1 FROM relations r
      JOIN events e ON e.object_id = r.to_object_id
      WHERE r.from_object_id = o.object_id
        AND r.relation_type  = 'order_to_customer'
        AND e.event_type     = 'dunning_raised'
  )",2061d5751b1ac8f2cf3abc0c9b07acdf887e60a087dcad7c802a56ee2bc00c7e,verified_v1,dev
Q048,How many order items completed both delivery and billing steps?,path_relation,medium,"SELECT COUNT(DISTINCT o.object_id) AS n_full_o2c_orders
FROM objects o
WHERE o.object_type = 'order_item'
  AND EXISTS (
      SELECT 1 FROM relations r
      WHERE r.from_object_id = o.object_id AND r.relation_type = 'order_to_delivery'
  )
  AND EXISTS (
      SELECT 1 FROM relations r
      WHERE r.from_object_id = o.object_id AND r.relation_type = 'order_to_billing'
  )",ff8f16e8737877d56c6d51f591f4c332d9daf6baefb55fa3521bca90ac0b866e,verified_v1,dev
Q049,How many pricing_condition events are in the log?,count_filter,easy,SELECT COUNT(*) FROM events WHERE event_type = 'pricing_condition',4bf509a4b89fe77be8fb945273148985cbede383c5fd59e428ac84d2dddb9e8e,v2_expansion §20 count-filter expansion,dev
Q050,Count the number of AR items that remain uncleared.,count_filter,easy,SELECT COUNT(*) FROM objects WHERE object_type = 'ar_item' AND cleared = FALSE,9e8e5191a19b033d0f3d09dbc64f8c0b0f445e7dd4e79eb16241671f6a511b79,v2_expansion §20 count-filter expansion,test
Q051,How many payment_clearing events occurred per month in 2005?,temporal_trend,medium,"SELECT MONTH(timestamp) AS month, COUNT(*) AS n FROM events WHERE event_type = 'payment_clearing' AND YEAR(timestamp) = 2005 GROUP BY MONTH(timestamp) ORDER BY month",5fd76dbae2362b50de9bd65fdc27c954118f45ecfab349bd79ef8f96ec956522,v2_expansion §14 temporal trends expansion,dev
Q052,Show yearly goods_issue event counts.,temporal_trend,medium,"SELECT YEAR(timestamp) AS year, COUNT(*) AS n FROM events WHERE event_type = 'goods_issue' GROUP BY YEAR(timestamp) ORDER BY year",7bbb673bf8b540aa7b3d7b98a2dbcf8307680c933b5e9a0699fae7b08d8203bc,v2_expansion §14 temporal trends expansion,dev
Q053,What is the monthly count of dunning_raised events in 2005?,temporal_trend,medium,"SELECT MONTH(timestamp) AS month, COUNT(*) AS n FROM events WHERE event_type = 'dunning_raised' AND YEAR(timestamp) = 2005 GROUP BY MONTH(timestamp) ORDER BY month",04133e19e2bcfc80c04a2e3ec82d36af81f3a04f8936040384a64181df825d6d,v2_expansion §14 temporal trends expansion,dev
Q054,Show yearly order_created counts between 2000 and 2006.,temporal_trend,medium,"SELECT YEAR(timestamp) AS year, COUNT(*) AS n FROM events WHERE event_type = 'order_created' AND YEAR(timestamp) BETWEEN 2000 AND 2006 GROUP BY YEAR(timestamp) ORDER BY year",ad332d56a918909504084b87d9fb9b2318625d7327071b837cc93d9527885c0b,v2_expansion §14 temporal trends expansion,dev
Q055,How many billing_created events occurred each quarter of 2005?,temporal_trend,medium,"SELECT QUARTER(timestamp) AS quarter, COUNT(*) AS n FROM events WHERE event_type = 'billing_created' AND YEAR(timestamp) = 2005 GROUP BY QUARTER(timestamp) ORDER BY quarter",154ce2d20bb47323d952b7add9d8ddd023bf287188d0e9d6d887df733d3a3281,v2_expansion §14 temporal trends expansion,test
Q056,Show the yearly trend of delivery_created events.,temporal_trend,medium,"SELECT YEAR(timestamp) AS year, COUNT(*) AS n FROM events WHERE event_type = 'delivery_created' GROUP BY YEAR(timestamp) ORDER BY year",dffb4889e62344a45845e8df065f8bcb8e23fcf2e30d2061dd2dfadd081ded39,v2_expansion §14 temporal trends expansion,test
Q057,What are the top 3 event types by count?,group_topk,easy,"SELECT event_type, COUNT(*) AS n FROM events GROUP BY event_type ORDER BY n DESC LIMIT 3",c17fa651524df311d821c9946032c9dda1df08a035715efd1e99525445ff04b2,v2_expansion §15 ranking expansion,dev
Q058,"Show the number of billing documents per currency, ordered by count descending.",group_topk,medium,"SELECT WAERK, COUNT(*) AS n FROM objects WHERE object_type = 'billing_doc' AND WAERK IS NOT NULL GROUP BY WAERK ORDER BY n DESC",8e599440a30a2790955fe2f70cbec05f6c429ea9a4244c9389a3d92aa5bf6c68,v2_expansion §15 ranking expansion,dev
Q059,Top 5 payment-terms keys (ZTERM) by number of billing documents.,group_topk,medium,"SELECT ZTERM, COUNT(*) AS n FROM objects WHERE object_type = 'billing_doc' AND ZTERM IS NOT NULL GROUP BY ZTERM ORDER BY n DESC LIMIT 5",df6b66b733d4c53358795724379de68e65d711264d8cde55f3dc618fcf4fc277,v2_expansion §15 ranking expansion,dev
Q060,Which 3 relation types have the most links?,group_topk,medium,"SELECT relation_type, COUNT(*) AS n FROM relations GROUP BY relation_type ORDER BY n DESC LIMIT 3",d5f0a28570611bb44aa9002f5e71e959441d27a6c7c2318cd12a4ce70df27b27,v2_expansion §15 ranking expansion,test
Q061,Top 5 years by total event count.,group_topk,medium,"SELECT YEAR(timestamp) AS year, COUNT(*) AS n FROM events GROUP BY YEAR(timestamp) ORDER BY n DESC LIMIT 5",fe8d11d697fa492d50a6f6257eb9409745311391914479f0deae41fbd05e8de3,v2_expansion §15 ranking expansion,test
Q062,Count the number of order_to_customer relations.,path_relation,easy,SELECT COUNT(*) FROM relations WHERE relation_type = 'order_to_customer',092ce16bf23dd99f1b22bf467c8b507aa36631fb9d6db8346df9df8b5e05b996,v2_expansion §19 path/relation expansion,dev
Q063,How many delivery items were never linked to a billing document?,path_relation,medium,SELECT COUNT(DISTINCT o.object_id) FROM objects o WHERE o.object_type = 'delivery_item' AND o.object_id NOT IN (SELECT from_object_id FROM relations WHERE relation_type = 'delivery_to_billing'),0076dcd18bd150c19b816d5c1c4114934c9f2be74fc156477d14c8b111f5c3fc,v2_expansion §19 path/relation expansion,dev
Q064,How many order items are linked both to a delivery and to a billing document?,path_relation,hard,SELECT COUNT(DISTINCT r1.from_object_id) FROM relations r1 WHERE r1.relation_type = 'order_to_delivery' AND r1.from_object_id IN (SELECT r2.from_object_id FROM relations r2 WHERE r2.relation_type = 'order_to_billing'),ce47eaaaebcc35351d58e2e8666fa5488da01c8c922bd771471fbce7aa0ee187,v2_expansion §19 path/relation expansion,test
Q065,What is the average number of days between order_created and billing_created for order items linked via order_to_billing?,delay_analysis,hard,"WITH ord AS (SELECT object_id, timestamp AS t_ord FROM events   WHERE event_type='order_created' AND object_type='order_item'), bil AS (SELECT object_id, timestamp AS t_bil FROM events   WHERE event_type='billing_created' AND object_type='billing_doc'), links AS (SELECT from_object_id AS ord_id, to_object_id AS bil_id   FROM relations WHERE relation_type='order_to_billing') SELECT AVG(DATE_DIFF('day', ord.t_ord, bil.t_bil)) AS avg_days FROM links JOIN ord ON ord.object_id=links.ord_id JOIN bil ON bil.object_id=links.bil_id",5cf64ec3a4cb8986417847bb2e4472c83878459a34a7d5cdab640819521f0188,v2_expansion §13 delay deep-dive (order-to-billing chain),dev
Q066,What is the median number of days between order_created and billing_created for order items linked via order_to_billing?,delay_analysis,hard,"WITH ord AS (SELECT object_id, timestamp AS t_ord FROM events   WHERE event_type='order_created' AND object_type='order_item'), bil AS (SELECT object_id, timestamp AS t_bil FROM events   WHERE event_type='billing_created' AND object_type='billing_doc'), links AS (SELECT from_object_id AS ord_id, to_object_id AS bil_id   FROM relations WHERE relation_type='order_to_billing') SELECT MEDIAN(DATE_DIFF('day', ord.t_ord, bil.t_bil)) AS median_days FROM links JOIN ord ON ord.object_id=links.ord_id JOIN bil ON bil.object_id=links.bil_id",c2272c0a862f11de35da66ec8be34349001ddebae43b85ab1dafb188f8ad7b30,v2_expansion §13 delay deep-dive (order-to-billing median),dev
Q067,What is the maximum number of days between billing_created and payment_clearing events for the same object?,delay_analysis,hard,"WITH bil AS (SELECT object_id, MIN(timestamp) AS t_bil FROM events   WHERE event_type='billing_created' GROUP BY object_id), pay AS (SELECT object_id, MIN(timestamp) AS t_pay FROM events   WHERE event_type='payment_clearing' GROUP BY object_id) SELECT MAX(DATE_DIFF('day', b.t_bil, p.t_pay)) AS max_days FROM bil b JOIN relations r ON r.from_object_id=b.object_id AND r.relation_type='billing_to_ar' JOIN pay p ON r.to_object_id=p.object_id",d83faaadfa49c455c04de1d408dabc07bf6d6d6d784479f09216c477f48ed8c5,v2_expansion §13 delay deep-dive,dev
Q068,What is the average number of days from order_created to payment_clearing across the full order-to-cash chain?,delay_analysis,hard,"WITH ord AS (SELECT object_id AS order_id, MIN(timestamp) AS t_ord FROM events   WHERE event_type='order_created' GROUP BY object_id), pay AS (SELECT object_id AS ar_id, MIN(timestamp) AS t_pay FROM events   WHERE event_type='payment_clearing' GROUP BY object_id) SELECT AVG(DATE_DIFF('day', o.t_ord, p.t_pay)) AS avg_days FROM ord o JOIN relations r1 ON r1.from_object_id=o.order_id AND r1.relation_type='order_to_billing' JOIN relations r2 ON r2.from_object_id=r1.to_object_id AND r2.relation_type='billing_to_ar' JOIN pay p ON r2.to_object_id=p.ar_id",930377cde2ecc15ab091bb0f7054fe33c82304cff67a77519ac16f491e2f1683,v2_expansion §13 delay deep-dive,dev
Q069,What is the 99th percentile of days between billing_created and payment_clearing across billing-to-ar linked cases?,delay_analysis,hard,"WITH bill AS (SELECT object_id, timestamp AS bill_ts FROM events   WHERE event_type='billing_created' AND object_type='billing_doc'), pay AS (SELECT object_id, timestamp AS pay_ts FROM events   WHERE event_type='payment_clearing' AND object_type='ar_item'), links AS (SELECT from_object_id AS bill_id, to_object_id AS ar_id   FROM relations WHERE relation_type='billing_to_ar') SELECT QUANTILE_CONT(DATE_DIFF('day', bill.bill_ts, pay.pay_ts), 0.99) AS p99_days FROM links JOIN bill ON bill.object_id=links.bill_id JOIN pay ON pay.object_id=links.ar_id",d497a0f70fc205b3c9d8ffc96689c5f89e5d18e9e17ca7b77b412072c0fc212f,v2_expansion §21 IsolationForest-derived percentile threshold,dev
Q070,What is the standard deviation of days between billing_created and payment_clearing for billing-to-ar pairs?,delay_analysis,hard,"WITH bil AS (SELECT object_id, MIN(timestamp) AS t_bil FROM events   WHERE event_type='billing_created' GROUP BY object_id), pay AS (SELECT object_id, MIN(timestamp) AS t_pay FROM events   WHERE event_type='payment_clearing' GROUP BY object_id) SELECT STDDEV(DATE_DIFF('day', b.t_bil, p.t_pay)) AS stddev_days FROM bil b JOIN relations r ON r.from_object_id=b.object_id AND r.relation_type='billing_to_ar' JOIN pay p ON r.to_object_id=p.object_id",72e5337fb7282fa2480ff6c2a5cb746f2d249ce2826aa1be329325de127d9bd0,v2_expansion §13 delay deep-dive,dev
Q071,What is the 90th percentile of days between billing_created and payment_clearing for cleared invoices?,delay_analysis,hard,"WITH bil AS (SELECT object_id, MIN(timestamp) AS t_bil FROM events   WHERE event_type='billing_created' GROUP BY object_id), pay AS (SELECT object_id, MIN(timestamp) AS t_pay FROM events   WHERE event_type='payment_clearing' GROUP BY object_id) SELECT QUANTILE_CONT(DATE_DIFF('day', b.t_bil, p.t_pay), 0.9) AS p90_days FROM bil b JOIN relations r ON r.from_object_id=b.object_id AND r.relation_type='billing_to_ar' JOIN pay p ON r.to_object_id=p.object_id",41b0d66f69b40f7e7e4acbcd934b297211c6b8fefe99736bd427c03bb594f817,v2_expansion §13 delay deep-dive,test
Q072,What is the minimum number of days between order_created and delivery_created?,delay_analysis,hard,"WITH ord AS (SELECT object_id AS order_id, MIN(timestamp) AS t_ord FROM events   WHERE event_type='order_created' GROUP BY object_id), del AS (SELECT object_id AS delivery_id, MIN(timestamp) AS t_del FROM events   WHERE event_type='delivery_created' GROUP BY object_id) SELECT MIN(DATE_DIFF('day', o.t_ord, d.t_del)) AS min_days FROM ord o JOIN relations r ON r.from_object_id=o.order_id AND r.relation_type='order_to_delivery' JOIN del d ON SPLIT_PART(r.to_object_id, '_', 1)=d.delivery_id",d0bca111f8628137adc4c16f123496dcdd1d590d06cb5d9acd68b39fe656fb97,v2_expansion §13 delay deep-dive,test
Q073,What is the average billing-to-payment clearing delay for billing documents denominated in USD?,delay_analysis,hard,"WITH bill AS (SELECT e.object_id, e.timestamp AS bill_ts FROM events e   JOIN objects o ON e.object_id=o.object_id   WHERE e.event_type='billing_created' AND o.object_type='billing_doc' AND o.WAERK='USD'), pay AS (SELECT object_id, timestamp AS pay_ts FROM events   WHERE event_type='payment_clearing' AND object_type='ar_item'), links AS (SELECT from_object_id AS bill_id, to_object_id AS ar_id   FROM relations WHERE relation_type='billing_to_ar') SELECT AVG(DATE_DIFF('day', bill.bill_ts, pay.pay_ts)) AS avg_days FROM links JOIN bill ON bill.object_id=links.bill_id JOIN pay ON pay.object_id=links.ar_id",2132d8f58b7015857c517acf510c24702abbad19d584c11b388201b4786f3599,v2_expansion §24 Naive-Bayes-style conditional delay (WAERK=USD),test
Q074,Average days between delivery_created and goods_issue for the same delivery.,delay_analysis,hard,"WITH gi AS (SELECT object_id, MIN(timestamp) AS t_gi FROM events   WHERE event_type='goods_issue' GROUP BY object_id), del AS (SELECT object_id, MIN(timestamp) AS t_del FROM events   WHERE event_type='delivery_created' GROUP BY object_id) SELECT AVG(DATE_DIFF('day', d.t_del, g.t_gi)) AS avg_days FROM del d JOIN gi g USING (object_id)",370abeebdeb92da8eb483062bd80b703058bca570be91bfe6df86ebefa21b270,v2_expansion §13 delay deep-dive,test
Q075,How many billing documents have a net amount above 76315 USD?,anomaly_filter,hard,SELECT COUNT(*) FROM objects WHERE object_type='billing_doc' AND WAERK='USD' AND NETWR > 76315,f32d7d70329d1578e60161320c113aa1677d11b6af95fa95dbae5f353a667ca2,v2_expansion §12 anomaly expansion,dev
Q076,How many AR items have been uncleared for more than 365 days as of 2007-01-01?,anomaly_filter,hard,"SELECT COUNT(*) FROM objects o WHERE o.object_type='ar_item' AND o.cleared=FALSE   AND o.object_id IN (    SELECT object_id FROM events WHERE event_type='billing_created'       AND DATE_DIFF('day', timestamp, DATE '2007-01-01') > 365)",d0bca111f8628137adc4c16f123496dcdd1d590d06cb5d9acd68b39fe656fb97,v2_expansion §12 anomaly expansion,dev
Q077,How many order items had no delivery event within 90 days of their order_created?,anomaly_filter,hard,"WITH ord AS (SELECT object_id, timestamp AS t_ord FROM events   WHERE event_type='order_created' AND object_type='order_item'), del AS (SELECT from_object_id AS order_id FROM relations r   JOIN events e ON e.object_id=r.to_object_id AND e.event_type='delivery_created'   WHERE r.relation_type='order_to_delivery') SELECT COUNT(*) FROM ord o WHERE o.object_id NOT IN (SELECT order_id FROM del)",af739fd4d003277226731f065f0f27363113cea0bf5741736ef3e984fd2cb400,v2_expansion §12 anomaly expansion,dev
Q078,How many objects had more than 10 events?,anomaly_filter,hard,SELECT COUNT(*) FROM (  SELECT object_id FROM events GROUP BY object_id HAVING COUNT(*) > 10),49e165525ebdb26f765e7bbab7689c4772a55771dd3ce3b1786d75188895cf03,v2_expansion §12 anomaly expansion,dev
Q079,How many billing documents have NETWR above 1000000 in any currency?,anomaly_filter,hard,SELECT COUNT(*) FROM objects WHERE object_type='billing_doc' AND NETWR > 1000000,d137ea7afa84e92fc7e568636ce4b48a64b1646a38966b42caa11994a3ddb2e5,v2_expansion §12 anomaly expansion,dev
Q080,How many dunning_raised events occurred for AR items that were later cleared?,anomaly_filter,hard,SELECT COUNT(*) FROM events e WHERE e.event_type='dunning_raised' AND e.object_type='ar_item'   AND e.object_id IN (SELECT object_id FROM objects WHERE cleared=TRUE),d0bca111f8628137adc4c16f123496dcdd1d590d06cb5d9acd68b39fe656fb97,v2_expansion §12 anomaly expansion,dev
Q081,How many customers have more than 3 linked order items?,anomaly_filter,hard,SELECT COUNT(*) FROM (  SELECT to_object_id FROM relations WHERE relation_type='order_to_customer'   GROUP BY to_object_id HAVING COUNT(*) > 3),93743dc7ba901c5469f5268da471097004ef78cb6180e1eb376deace5a9f4fa8,v2_expansion §12 anomaly expansion,test
Q082,Count billing documents whose NETWR exceeds 3 times the overall mean NETWR.,anomaly_filter,hard,SELECT COUNT(*) FROM objects WHERE object_type='billing_doc' AND NETWR >   (SELECT 3 * AVG(NETWR) FROM objects WHERE object_type='billing_doc' AND NETWR IS NOT NULL),c168ba44923338e87a1f989157c0bb16a898235b31c866cff269d03ebfd70a51,v2_expansion §12 anomaly expansion,test
Q083,How many AR items were cleared within 7 days of their billing_created event?,anomaly_filter,hard,"WITH bil AS (SELECT object_id, MIN(timestamp) AS t_bil FROM events   WHERE event_type='billing_created' GROUP BY object_id), pay AS (SELECT object_id, MIN(timestamp) AS t_pay FROM events   WHERE event_type='payment_clearing' GROUP BY object_id) SELECT COUNT(*) FROM bil b JOIN relations r ON r.from_object_id=b.object_id AND r.relation_type='billing_to_ar' JOIN pay p ON r.to_object_id=p.object_id WHERE DATE_DIFF('day', b.t_bil, p.t_pay) <= 7",0e21630f1d3d369a0c3186421f9a094f1c7c7849a4b500b3fca64c034582e10b,v2_expansion §12 anomaly expansion,test
Q084,Count order items that had more than 1 delivery_created event linked.,anomaly_filter,hard,SELECT COUNT(*) FROM (  SELECT from_object_id FROM relations   WHERE relation_type='order_to_delivery'   GROUP BY from_object_id HAVING COUNT(DISTINCT to_object_id) > 1),c6dcb442b19ede93608de74770c730e6d19be562f3b0ac9802c27bebf7e5d848,v2_expansion §12 anomaly expansion,test
Q085,"For each month in 2005, the count of billing_created events together with a 3-month trailing moving average.",window_agg,medium,"WITH m AS (SELECT MONTH(timestamp) AS month, COUNT(*) AS n FROM events   WHERE event_type='billing_created' AND YEAR(timestamp)=2005   GROUP BY MONTH(timestamp)) SELECT month, n, AVG(n) OVER (ORDER BY month ROWS BETWEEN 2 PRECEDING AND CURRENT ROW) AS moving_avg FROM m ORDER BY month",b0566d1f55884aef40a9f0b1cf8c39459f31d13b5ed7e64de6b85a93d88718b7,v2_expansion §16 window-function analytics,dev
Q086,"For each year, show the number of order_created events and its cumulative sum across years.",window_agg,medium,"WITH y AS (SELECT YEAR(timestamp) AS year, COUNT(*) AS n FROM events   WHERE event_type='order_created' GROUP BY YEAR(timestamp)) SELECT year, n, SUM(n) OVER (ORDER BY year) AS cumulative_n FROM y ORDER BY year",32c8b5b832aadb40558247587e9827b92f82614d2576db193d986b29a5f731c7,v2_expansion §16 window-function analytics,dev
Q087,Rank event types by total count in descending order.,window_agg,medium,"SELECT event_type, COUNT(*) AS n, RANK() OVER (ORDER BY COUNT(*) DESC) AS rank FROM events GROUP BY event_type ORDER BY rank",c21b151cdd0fd857c4e7718e1c6479ab70ec706f00a0cba7f7319dba98aca5e4,v2_expansion §16 window-function analytics,dev
Q088,"For each object_type, rank the top 3 years by event count.",window_agg,medium,"WITH y AS (SELECT object_type, YEAR(timestamp) AS year, COUNT(*) AS n   FROM events GROUP BY object_type, YEAR(timestamp)) SELECT object_type, year, n FROM (  SELECT object_type, year, n, ROW_NUMBER() OVER (PARTITION BY object_type ORDER BY n DESC) AS rn FROM y) WHERE rn <= 3 ORDER BY object_type, rn",99f061ad43a2a4dda028dc70eb0500b47ef659065319307af52215bb546e7c5f,v2_expansion §16 window-function analytics,dev
Q089,Show the yearly change in billing_created event counts compared to the previous year.,window_agg,medium,"WITH y AS (SELECT YEAR(timestamp) AS year, COUNT(*) AS n FROM events   WHERE event_type='billing_created' GROUP BY YEAR(timestamp)) SELECT year, n, n - LAG(n) OVER (ORDER BY year) AS delta FROM y ORDER BY year",93b017cdb557a7426f43449dd216b47733a8b01fe3642d74dfebc41e5b48b948,v2_expansion §16 window-function analytics,dev
Q090,"For each customer, the total number of order items linked and their rank by volume.",window_agg,hard,"WITH c AS (SELECT to_object_id AS customer_id, COUNT(*) AS n   FROM relations WHERE relation_type='order_to_customer' GROUP BY to_object_id) SELECT customer_id, n, RANK() OVER (ORDER BY n DESC) AS rank FROM c ORDER BY rank LIMIT 10",92fdf582df864c3927d6914e5d48a56985d999053018e3ff1398e1a4a22b474f,v2_expansion §16 window-function analytics,dev
Q091,Running total of billing_created events over time (per month in 2005).,window_agg,hard,"WITH m AS (SELECT MONTH(timestamp) AS month, COUNT(*) AS n FROM events   WHERE event_type='billing_created' AND YEAR(timestamp)=2005 GROUP BY MONTH(timestamp)) SELECT month, n, SUM(n) OVER (ORDER BY month) AS running_total FROM m ORDER BY month",635f1c134619065d729444160e2cdeba30eaba8d07c1997fa1b2fe6b59143beb,v2_expansion §16 window-function analytics,dev
Q092,"For each object_type, show the event count and its percentile rank across all object types.",window_agg,medium,"WITH t AS (SELECT object_type, COUNT(*) AS n FROM events GROUP BY object_type) SELECT object_type, n, PERCENT_RANK() OVER (ORDER BY n) AS pct_rank FROM t ORDER BY n DESC",645b6f6950ae9fbed84d44b7d1181724bdefdf171109ae07b9dd06bbb043ea37,v2_expansion §16 window-function analytics,test
Q093,Year-over-year change in payment_clearing event counts.,window_agg,medium,"WITH y AS (SELECT YEAR(timestamp) AS year, COUNT(*) AS n FROM events   WHERE event_type='payment_clearing' GROUP BY YEAR(timestamp)) SELECT year, n, n - LAG(n) OVER (ORDER BY year) AS yoy_change FROM y ORDER BY year",aba696d8f60c000e49f3ddf9f04adddcd2bab2d5437ff221e31e5bdfb24c09dc,v2_expansion §16 window-function analytics,test
Q094,"Top 5 relation types by link count, with dense rank.",window_agg,hard,"SELECT relation_type, COUNT(*) AS n, DENSE_RANK() OVER (ORDER BY COUNT(*) DESC) AS rank FROM relations GROUP BY relation_type ORDER BY rank LIMIT 5",5f20c021cd5f4d11a7f952f0d0adecfc34ab9a2fe1a2e0f5f075439fddd6b7e4,v2_expansion §16 window-function analytics,test
Q095,"For each month in 2005, the billing_created count as a proportion of the yearly total.",window_agg,hard,"WITH m AS (SELECT MONTH(timestamp) AS month, COUNT(*) AS n FROM events   WHERE event_type='billing_created' AND YEAR(timestamp)=2005 GROUP BY MONTH(timestamp)) SELECT month, n, n * 1.0 / SUM(n) OVER () AS proportion FROM m ORDER BY month",eb4bc01122ff9974b072d7962f96396bcbf2d8f937dcf4867d2268944629e599,v2_expansion §16 window-function analytics,test
Q096,Show the rank of each year by total order_created count.,window_agg,medium,"WITH y AS (SELECT YEAR(timestamp) AS year, COUNT(*) AS n FROM events   WHERE event_type='order_created' GROUP BY YEAR(timestamp)) SELECT year, n, RANK() OVER (ORDER BY n DESC) AS rank FROM y ORDER BY rank",e826d314092ef6ff078614f68012d65a300a52d321fd141f3a914b58f6178cf0,v2_expansion §16 window-function analytics,test
Q097,Which object types have a total event count above the overall average across object types?,nested_agg,hard,"WITH t AS (SELECT object_type, COUNT(*) AS n FROM events GROUP BY object_type) SELECT object_type, n FROM t WHERE n > (SELECT AVG(n) FROM t) ORDER BY n DESC",65c5bd22e3a5b362c3399b73a07686f051561e13ada25aaa382c71d860343ce3,v2_expansion §17 nested aggregation patterns,dev
Q098,Which event types had above-average counts in 2005?,nested_agg,hard,"WITH t AS (SELECT event_type, COUNT(*) AS n FROM events   WHERE YEAR(timestamp)=2005 GROUP BY event_type) SELECT event_type, n FROM t WHERE n > (SELECT AVG(n) FROM t) ORDER BY n DESC",60a1fc5c86c241a8d54cf9a652827f9493a6dbd33e20d04d14d2577e55ea86c3,v2_expansion §17 nested aggregation patterns,dev
Q099,Which years had more billing_created events than the year 2004?,nested_agg,hard,"WITH y AS (SELECT YEAR(timestamp) AS year, COUNT(*) AS n FROM events   WHERE event_type='billing_created' GROUP BY YEAR(timestamp)) SELECT year, n FROM y WHERE n > (SELECT n FROM y WHERE year=2004) ORDER BY year",12c1c2eb2f1c09af2648f6e6705c180bb7f1e4b3d45083e338602da4638e0f51,v2_expansion §17 nested aggregation patterns,dev
Q100,How many customers have more than the average number of linked order items?,nested_agg,hard,"WITH c AS (SELECT to_object_id AS customer_id, COUNT(*) AS n   FROM relations WHERE relation_type='order_to_customer' GROUP BY to_object_id) SELECT COUNT(*) FROM c WHERE n > (SELECT AVG(n) FROM c)",0dcf125c707020d9131f80175a35a893a59b85c34652446364022ba593b5b93f,v2_expansion §17 nested aggregation patterns,dev
Q101,Which years had fewer dunning_raised events than the overall yearly average?,nested_agg,hard,"WITH y AS (SELECT YEAR(timestamp) AS year, COUNT(*) AS n FROM events   WHERE event_type='dunning_raised' GROUP BY YEAR(timestamp)) SELECT year, n FROM y WHERE n < (SELECT AVG(n) FROM y) ORDER BY year",381dccf5e820a9e4404ab4336cf37586543fe2a15ec99aee31894eb71e462598,v2_expansion §17 nested aggregation patterns,dev
Q102,Months in 2005 with billing_created counts above the 2005 monthly average.,nested_agg,hard,"WITH m AS (SELECT MONTH(timestamp) AS month, COUNT(*) AS n FROM events   WHERE event_type='billing_created' AND YEAR(timestamp)=2005 GROUP BY MONTH(timestamp)) SELECT month, n FROM m WHERE n > (SELECT AVG(n) FROM m) ORDER BY month",357b6b5a0df373543edc551bf408afaeb6e96fcbfd61713b181382e9fd550b32,v2_expansion §17 nested aggregation patterns,dev
Q103,Payment-terms (ZTERM) values whose billing_doc count exceeds the median across ZTERMs.,nested_agg,hard,"WITH z AS (SELECT ZTERM, COUNT(*) AS n FROM objects   WHERE object_type='billing_doc' AND ZTERM IS NOT NULL GROUP BY ZTERM) SELECT ZTERM, n FROM z WHERE n > (SELECT MEDIAN(n) FROM z) ORDER BY n DESC",63c65106359c6b4cd7e206b34681446abe9779bfc5dcf0df3907ebb574cb66bb,v2_expansion §17 nested aggregation patterns,test
Q104,Currencies (WAERK) whose total NETWR volume exceeds the currency-level average NETWR total.,nested_agg,hard,"WITH c AS (SELECT WAERK, SUM(NETWR) AS total FROM objects   WHERE object_type='billing_doc' AND WAERK IS NOT NULL AND NETWR IS NOT NULL GROUP BY WAERK) SELECT WAERK, total FROM c WHERE total > (SELECT AVG(total) FROM c) ORDER BY total DESC",565afd242ab2bcb2fdfa25a630bce08b36cd3a0a623de196915df1aee3ad819e,v2_expansion §17 nested aggregation patterns,test
Q105,How many billing documents have NETWR above the median billing NETWR?,nested_agg,hard,SELECT COUNT(*) FROM objects WHERE object_type='billing_doc' AND NETWR >   (SELECT MEDIAN(NETWR) FROM objects WHERE object_type='billing_doc' AND NETWR IS NOT NULL),c5767d87dedb682dbf4c80e94c79b54d40e7ab74ea5c89de60944e199aa7d48c,v2_expansion §17 nested aggregation patterns,test
Q106,Object types with fewer events than the overall average event count per object type.,nested_agg,hard,"WITH t AS (SELECT object_type, COUNT(*) AS n FROM events GROUP BY object_type) SELECT object_type, n FROM t WHERE n < (SELECT AVG(n) FROM t) ORDER BY n",298761076f1eb1e490d331460c0faa464ff30346defce79c7a5b2510db401bec,v2_expansion §17 nested aggregation patterns,test
Q107,Count order items whose total number of linked relations exceeds the average across order items.,nested_agg,hard,"WITH o AS (SELECT from_object_id AS order_id, COUNT(*) AS n FROM relations   WHERE from_object_type='order_item' GROUP BY from_object_id) SELECT COUNT(*) FROM o WHERE n > (SELECT AVG(n) FROM o)",1e4f948b35f7658f52d23889bf8046082154cbead0f9abb88c5c8d1377debbdb,v2_expansion §17 nested aggregation patterns,test
Q108,How many event types had at least as many events as the median event-type count?,nested_agg,hard,"WITH t AS (SELECT event_type, COUNT(*) AS n FROM events GROUP BY event_type) SELECT COUNT(*) FROM t WHERE n >= (SELECT MEDIAN(n) FROM t)",1ae3592f8248c3f879b56afe3f2ce6aad45ba898434796d35c565684397fb3e6,v2_expansion §17 nested aggregation patterns,test
Q109,How many order items never had a goods_issue event?,conformance,medium,SELECT COUNT(DISTINCT o.object_id) FROM objects o WHERE o.object_type='order_item' AND o.object_id NOT IN   (SELECT object_id FROM events WHERE event_type='goods_issue'),a265e25a471132941b2831ca5e2f6baf4a65ee077d9a45378ddcd4c513707a4d,v2_expansion §18 process conformance checks,dev
Q110,How many billing documents have no corresponding payment_clearing event via billing_to_ar?,conformance,medium,SELECT COUNT(DISTINCT b.object_id) FROM objects b WHERE b.object_type='billing_doc' AND b.object_id NOT IN (  SELECT r.from_object_id FROM relations r   JOIN events e ON e.object_id=r.to_object_id AND e.event_type='payment_clearing'   WHERE r.relation_type='billing_to_ar'),517aa365ba647d208e3c0f2aea04b546b80ac9e6ebdbf770126c46f1bb05035e,v2_expansion §18 process conformance checks,dev
Q111,How many delivery items have no billing_created event linked via delivery_to_billing?,conformance,medium,SELECT COUNT(DISTINCT d.object_id) FROM objects d WHERE d.object_type='delivery_item' AND d.object_id NOT IN   (SELECT from_object_id FROM relations WHERE relation_type='delivery_to_billing'),0076dcd18bd150c19b816d5c1c4114934c9f2be74fc156477d14c8b111f5c3fc,v2_expansion §18 process conformance checks,dev
Q112,How many order items are linked to a customer but have no order_created event?,conformance,hard,SELECT COUNT(DISTINCT r.from_object_id) FROM relations r WHERE r.relation_type='order_to_customer' AND r.from_object_id NOT IN   (SELECT object_id FROM events WHERE event_type='order_created'),0603deea603f0e6ea526d749f9a1291cdfcd2efbf1bcf4608009eb9af7a066c3,v2_expansion §18 process conformance checks,dev
Q113,Count billing_created events whose billing_doc has NULL ZTERM (missing payment terms).,conformance,hard,SELECT COUNT(*) FROM events e JOIN objects o ON e.object_id=o.object_id WHERE e.event_type='billing_created' AND o.object_type='billing_doc' AND o.ZTERM IS NULL,e755cf8537b45a268aa839bdd0a83424e37e5042abebb8ae04a94fa562bfd3a3,v2_expansion §18 process conformance checks,dev
Q114,Count order items that had delivery_created before the corresponding order_created (timestamp anomaly).,conformance,hard,"WITH ord AS (SELECT object_id AS order_id, MIN(timestamp) AS t_ord FROM events   WHERE event_type='order_created' GROUP BY object_id), del AS (SELECT object_id AS delivery_id, MIN(timestamp) AS t_del FROM events   WHERE event_type='delivery_created' GROUP BY object_id) SELECT COUNT(*) FROM ord o JOIN relations r ON r.from_object_id=o.order_id AND r.relation_type='order_to_delivery' JOIN del d ON r.to_object_id=d.delivery_id WHERE d.t_del < o.t_ord",d0bca111f8628137adc4c16f123496dcdd1d590d06cb5d9acd68b39fe656fb97,v2_expansion §18 process conformance checks,dev
Q115,How many AR items never had a payment_clearing event?,conformance,medium,SELECT COUNT(DISTINCT a.object_id) FROM objects a WHERE a.object_type='ar_item' AND a.object_id NOT IN   (SELECT object_id FROM events WHERE event_type='payment_clearing'),9e8e5191a19b033d0f3d09dbc64f8c0b0f445e7dd4e79eb16241671f6a511b79,v2_expansion §18 process conformance checks,test
Q116,How many relations have a from_object that does not exist in the objects table?,conformance,medium,SELECT COUNT(*) FROM relations r WHERE r.from_object_id NOT IN (SELECT object_id FROM objects),dae52d45356fb54dfcf430b900391990056b35a1bb27d73a5f843f2fb9320f74,v2_expansion §18 process conformance checks,test
Q117,"Count order items that were billed but never delivered (order_to_billing exists, order_to_delivery missing).",conformance,hard,SELECT COUNT(DISTINCT from_object_id) FROM relations WHERE relation_type='order_to_billing' AND from_object_id NOT IN   (SELECT from_object_id FROM relations WHERE relation_type='order_to_delivery'),7af56691e8c1c29543e5cd856ad07560fd7fb2fc860b8facd006cd0ac250d3e2,v2_expansion §18 process conformance checks,test
Q118,How many billing documents have NETWR or WAERK missing?,conformance,hard,SELECT COUNT(*) FROM objects WHERE object_type='billing_doc' AND (NETWR IS NULL OR WAERK IS NULL),d0bca111f8628137adc4c16f123496dcdd1d590d06cb5d9acd68b39fe656fb97,v2_expansion §18 process conformance checks,test
Q119,How many dunning_raised events refer to AR items that were already cleared at the time of dunning?,conformance,hard,SELECT COUNT(*) FROM events e JOIN objects o ON e.object_id=o.object_id WHERE e.event_type='dunning_raised' AND o.object_type='ar_item' AND o.cleared=TRUE   AND o.AUGDT IS NOT NULL AND e.timestamp > o.AUGDT,d0bca111f8628137adc4c16f123496dcdd1d590d06cb5d9acd68b39fe656fb97,v2_expansion §18 process conformance checks,test
Q120,Count order items whose only recorded event is order_created (no downstream activity).,conformance,medium,SELECT COUNT(DISTINCT object_id) FROM (  SELECT object_id FROM events WHERE object_type='order_item'   GROUP BY object_id HAVING COUNT(DISTINCT event_type) = 1     AND MAX(event_type) = 'order_created'),0d9ce8021ae625e66eee3da36b6bc96c8b3ac51976421dfa4559a7e8491b4dc2,v2_expansion §18 process conformance checks,test
