variant,qid,query_class,difficulty,status,den_acc,exec_ok,join_hall,ir_attempts,latency_s
M-full,Q003,count_filter,easy,accept,1,1,0,1,2.714
M-full,Q004,count_filter,easy,accept,1,1,0,1,2.203
M-full,Q005,count_filter,easy,accept,1,1,0,1,2.052
M-full,Q007,group_topk,easy,accept,1,1,0,1,2.626
M-full,Q008,group_topk,easy,accept,1,1,0,1,2.219
M-full,Q010,group_topk,easy,accept,1,1,0,1,2.459
M-full,Q011,group_topk,easy,accept,1,1,0,1,2.152
M-full,Q015,path_relation,medium,accept,1,1,0,1,2.078
M-full,Q016,path_relation,medium,accept,1,1,0,1,1.853
M-full,Q017,path_relation,medium,accept,1,1,0,1,2.024
M-full,Q019,temporal_trend,medium,accept,1,1,0,1,2.343
M-full,Q020,temporal_trend,medium,accept,1,1,0,1,2.92
M-full,Q022,temporal_trend,medium,accept,1,1,0,1,2.954
M-full,Q023,temporal_trend,medium,accept,1,1,0,1,2.999
M-full,Q024,temporal_trend,medium,accept,1,1,0,1,3.029
M-full,Q025,delay_analysis,hard,accept,1,1,0,1,2.267
M-full,Q027,delay_analysis,hard,accept,1,1,0,1,2.491
M-full,Q028,anomaly_filter,hard,accept,1,1,0,1,2.368
M-full,Q029,anomaly_filter,hard,accept,1,1,0,1,2.601
M-full,Q031,count_filter,easy,accept,1,1,0,1,1.989
M-full,Q032,count_filter,easy,accept,1,1,0,1,1.924
M-full,Q033,count_filter,easy,accept,0,1,0,2,4.385
M-full,Q034,count_filter,easy,accept,1,1,0,1,2.09
M-full,Q036,temporal_trend,medium,accept,1,1,0,1,2.501
M-full,Q037,temporal_trend,medium,accept,1,1,0,1,2.485
M-full,Q038,count_filter,easy,accept,0,1,0,2,4.807
M-full,Q039,path_relation,medium,accept,0,1,0,1,2.052
M-full,Q041,temporal_trend,medium,accept,1,1,0,1,2.455
M-full,Q042,delay_analysis,hard,accept,1,1,0,1,2.57
M-full,Q045,count_filter,easy,accept,1,1,0,1,2.253
M-full,Q046,path_relation,medium,accept,1,1,0,1,1.388
M-full,Q047,path_relation,hard,accept,0,1,0,1,2.78
M-full,Q048,path_relation,medium,accept,1,1,0,1,3.085
M-full,Q049,count_filter,easy,accept,0,1,0,2,4.537
M-full,Q051,temporal_trend,medium,accept,1,1,0,1,2.793
M-full,Q052,temporal_trend,medium,accept,0,1,0,2,5.145
M-full,Q053,temporal_trend,medium,accept,1,1,0,1,3.173
M-full,Q054,temporal_trend,medium,accept,1,1,0,1,2.99
M-full,Q057,group_topk,easy,accept,1,1,0,1,2.184
M-full,Q058,group_topk,medium,reject,0,0,0,3,8.494
M-full,Q059,group_topk,medium,accept,0,1,0,2,5.661
M-full,Q062,path_relation,easy,accept,1,1,0,1,2.036
M-full,Q063,path_relation,medium,accept,1,1,0,1,1.41
M-full,Q065,delay_analysis,hard,accept,1,1,0,1,2.325
M-full,Q066,delay_analysis,hard,accept,0,1,0,2,4.956
M-full,Q067,delay_analysis,hard,accept,1,1,0,1,2.242
M-full,Q068,delay_analysis,hard,accept,0,1,0,1,2.592
M-full,Q069,delay_analysis,hard,accept,0,1,0,2,4.685
M-full,Q070,delay_analysis,hard,reject,0,0,0,3,7.115
M-full,Q075,anomaly_filter,hard,accept,0,1,0,2,4.603
M-full,Q076,anomaly_filter,hard,accept,0,1,0,1,3.083
M-full,Q077,anomaly_filter,hard,accept,0,1,0,1,2.394
M-full,Q078,anomaly_filter,hard,accept,0,1,0,2,5.167
M-full,Q079,anomaly_filter,hard,accept,1,1,0,1,2.313
M-full,Q080,anomaly_filter,hard,accept,1,1,0,1,2.699
M-full,Q085,window_agg,medium,accept,1,1,0,1,3.095
M-full,Q086,window_agg,medium,exec_error,0,0,0,1,2.979
M-full,Q087,window_agg,medium,accept,0,1,0,1,2.274
M-full,Q088,window_agg,medium,reject,0,0,0,1,2.66
M-full,Q089,window_agg,medium,reject,0,0,0,1,3.054
M-full,Q090,window_agg,hard,reject,0,0,0,1,4.354
M-full,Q091,window_agg,hard,accept,1,1,0,1,3.076
M-full,Q097,nested_agg,hard,accept,1,1,0,1,2.297
M-full,Q098,nested_agg,hard,accept,1,1,0,1,2.225
M-full,Q099,nested_agg,hard,reject,0,0,0,1,3.158
M-full,Q100,nested_agg,hard,exec_error,0,0,0,1,3.032
M-full,Q101,nested_agg,hard,accept,1,1,0,1,2.536
M-full,Q102,nested_agg,hard,accept,1,1,0,1,2.77
M-full,Q109,conformance,medium,accept,1,1,0,1,1.494
M-full,Q110,conformance,medium,accept,0,1,0,1,1.586
M-full,Q111,conformance,medium,accept,1,1,0,1,1.436
M-full,Q112,conformance,hard,accept,0,1,0,1,1.405
M-full,Q113,conformance,hard,exec_error,0,0,0,1,2.21
M-full,Q114,conformance,hard,reject,0,0,0,3,9.619
M-noretriever,Q003,count_filter,easy,accept,1,1,0,1,1.634
M-noretriever,Q004,count_filter,easy,accept,1,1,0,1,2.101
M-noretriever,Q005,count_filter,easy,accept,1,1,0,1,1.894
M-noretriever,Q007,group_topk,easy,accept,1,1,0,1,2.204
M-noretriever,Q008,group_topk,easy,accept,1,1,0,1,2.217
M-noretriever,Q010,group_topk,easy,accept,1,1,0,1,2.076
M-noretriever,Q011,group_topk,easy,accept,1,1,0,1,2.041
M-noretriever,Q015,path_relation,medium,accept,1,1,0,1,1.995
M-noretriever,Q016,path_relation,medium,accept,1,1,0,1,1.854
M-noretriever,Q017,path_relation,medium,accept,1,1,0,1,1.933
M-noretriever,Q019,temporal_trend,medium,accept,1,1,0,1,2.443
M-noretriever,Q020,temporal_trend,medium,accept,1,1,0,1,2.365
M-noretriever,Q022,temporal_trend,medium,accept,1,1,0,1,2.863
M-noretriever,Q023,temporal_trend,medium,accept,1,1,0,1,2.75
M-noretriever,Q024,temporal_trend,medium,accept,1,1,0,1,2.809
M-noretriever,Q025,delay_analysis,hard,accept,1,1,0,1,2.126
M-noretriever,Q027,delay_analysis,hard,accept,1,1,0,1,2.351
M-noretriever,Q028,anomaly_filter,hard,accept,1,1,0,1,2.596
M-noretriever,Q029,anomaly_filter,hard,accept,1,1,0,1,2.824
M-noretriever,Q031,count_filter,easy,accept,1,1,0,1,2.325
M-noretriever,Q032,count_filter,easy,accept,1,1,0,1,2.044
M-noretriever,Q033,count_filter,easy,accept,0,1,0,2,4.32
M-noretriever,Q034,count_filter,easy,accept,1,1,0,1,2.125
M-noretriever,Q036,temporal_trend,medium,accept,1,1,0,1,2.345
M-noretriever,Q037,temporal_trend,medium,accept,1,1,0,1,2.684
M-noretriever,Q038,count_filter,easy,accept,0,1,0,2,4.907
M-noretriever,Q039,path_relation,medium,accept,1,1,0,1,2.085
M-noretriever,Q041,temporal_trend,medium,accept,1,1,0,1,2.518
M-noretriever,Q042,delay_analysis,hard,accept,1,1,0,1,2.031
M-noretriever,Q045,count_filter,easy,accept,1,1,0,1,1.937
M-noretriever,Q046,path_relation,medium,accept,1,1,0,1,1.504
M-noretriever,Q047,path_relation,hard,accept,0,1,0,1,2.63
M-noretriever,Q048,path_relation,medium,accept,1,1,0,1,3.212
M-noretriever,Q049,count_filter,easy,accept,0,1,0,2,4.202
M-noretriever,Q051,temporal_trend,medium,accept,1,1,0,1,2.709
M-noretriever,Q052,temporal_trend,medium,accept,0,1,0,2,5.312
M-noretriever,Q053,temporal_trend,medium,accept,1,1,0,1,2.853
M-noretriever,Q054,temporal_trend,medium,accept,1,1,0,1,2.709
M-noretriever,Q057,group_topk,easy,accept,1,1,0,1,2.178
M-noretriever,Q058,group_topk,medium,reject,0,0,0,3,8.527
M-noretriever,Q059,group_topk,medium,accept,0,1,0,1,2.72
M-noretriever,Q062,path_relation,easy,accept,1,1,0,1,2.069
M-noretriever,Q063,path_relation,medium,accept,1,1,0,1,1.612
M-noretriever,Q065,delay_analysis,hard,accept,1,1,0,1,2.598
M-noretriever,Q066,delay_analysis,hard,accept,0,1,0,2,5.212
M-noretriever,Q067,delay_analysis,hard,accept,1,1,0,1,2.613
M-noretriever,Q068,delay_analysis,hard,accept,0,1,0,1,2.173
M-noretriever,Q069,delay_analysis,hard,reject,0,0,0,3,7.402
M-noretriever,Q070,delay_analysis,hard,reject,0,0,0,3,6.998
M-noretriever,Q075,anomaly_filter,hard,accept,0,1,0,2,4.6
M-noretriever,Q076,anomaly_filter,hard,accept,0,1,0,1,3.279
M-noretriever,Q077,anomaly_filter,hard,accept,0,1,0,1,1.708
M-noretriever,Q078,anomaly_filter,hard,accept,0,1,0,2,5.209
M-noretriever,Q079,anomaly_filter,hard,accept,1,1,0,1,2.571
M-noretriever,Q080,anomaly_filter,hard,accept,1,1,0,1,2.844
M-noretriever,Q085,window_agg,medium,accept,1,1,0,1,3.348
M-noretriever,Q086,window_agg,medium,exec_error,0,0,0,1,3.121
M-noretriever,Q087,window_agg,medium,accept,0,1,0,1,2.242
M-noretriever,Q088,window_agg,medium,reject,0,0,0,1,2.757
M-noretriever,Q089,window_agg,medium,reject,0,0,0,1,2.915
M-noretriever,Q090,window_agg,hard,reject,0,0,0,1,4.319
M-noretriever,Q091,window_agg,hard,accept,1,1,0,1,3.244
M-noretriever,Q097,nested_agg,hard,accept,1,1,0,1,2.543
M-noretriever,Q098,nested_agg,hard,accept,1,1,0,1,2.279
M-noretriever,Q099,nested_agg,hard,reject,0,0,0,1,2.71
M-noretriever,Q100,nested_agg,hard,exec_error,0,0,0,1,3.12
M-noretriever,Q101,nested_agg,hard,accept,1,1,0,1,2.554
M-noretriever,Q102,nested_agg,hard,accept,1,1,0,1,2.957
M-noretriever,Q109,conformance,medium,accept,1,1,0,1,1.395
M-noretriever,Q110,conformance,medium,accept,0,1,0,1,2.159
M-noretriever,Q111,conformance,medium,accept,1,1,0,1,1.551
M-noretriever,Q112,conformance,hard,accept,0,1,0,1,1.49
M-noretriever,Q113,conformance,hard,exec_error,0,0,0,1,2.502
M-noretriever,Q114,conformance,hard,reject,0,0,0,3,9.56
M-norepair,Q003,count_filter,easy,accept,1,1,0,1,1.788
M-norepair,Q004,count_filter,easy,accept,1,1,0,1,2.245
M-norepair,Q005,count_filter,easy,accept,1,1,0,1,1.905
M-norepair,Q007,group_topk,easy,accept,1,1,0,1,2.278
M-norepair,Q008,group_topk,easy,accept,1,1,0,1,2.162
M-norepair,Q010,group_topk,easy,accept,1,1,0,1,2.309
M-norepair,Q011,group_topk,easy,accept,1,1,0,1,2.26
M-norepair,Q015,path_relation,medium,accept,1,1,0,1,2.036
M-norepair,Q016,path_relation,medium,accept,1,1,0,1,2.359
M-norepair,Q017,path_relation,medium,accept,1,1,0,1,1.889
M-norepair,Q019,temporal_trend,medium,accept,1,1,0,1,2.431
M-norepair,Q020,temporal_trend,medium,accept,1,1,0,1,2.578
M-norepair,Q022,temporal_trend,medium,accept,1,1,0,1,2.751
M-norepair,Q023,temporal_trend,medium,accept,1,1,0,1,3.232
M-norepair,Q024,temporal_trend,medium,accept,1,1,0,1,2.81
M-norepair,Q025,delay_analysis,hard,accept,1,1,0,1,2.525
M-norepair,Q027,delay_analysis,hard,accept,1,1,0,1,2.293
M-norepair,Q028,anomaly_filter,hard,accept,1,1,0,1,2.426
M-norepair,Q029,anomaly_filter,hard,accept,1,1,0,1,2.479
M-norepair,Q031,count_filter,easy,accept,1,1,0,1,2.31
M-norepair,Q032,count_filter,easy,accept,1,1,0,1,2.1
M-norepair,Q033,count_filter,easy,reject,0,0,0,1,2.395
M-norepair,Q034,count_filter,easy,accept,1,1,0,1,2.129
M-norepair,Q036,temporal_trend,medium,accept,1,1,0,1,2.432
M-norepair,Q037,temporal_trend,medium,accept,1,1,0,1,2.713
M-norepair,Q038,count_filter,easy,reject,0,0,0,1,2.341
M-norepair,Q039,path_relation,medium,accept,1,1,0,1,1.94
M-norepair,Q041,temporal_trend,medium,accept,1,1,0,1,2.403
M-norepair,Q042,delay_analysis,hard,accept,1,1,0,1,2.364
M-norepair,Q045,count_filter,easy,accept,1,1,0,1,1.975
M-norepair,Q046,path_relation,medium,accept,1,1,0,1,1.443
M-norepair,Q047,path_relation,hard,accept,0,1,0,1,2.639
M-norepair,Q048,path_relation,medium,accept,1,1,0,1,3.129
M-norepair,Q049,count_filter,easy,reject,0,0,0,1,2.07
M-norepair,Q051,temporal_trend,medium,accept,1,1,0,1,2.741
M-norepair,Q052,temporal_trend,medium,reject,0,0,0,1,2.41
M-norepair,Q053,temporal_trend,medium,accept,1,1,0,1,2.987
M-norepair,Q054,temporal_trend,medium,accept,1,1,0,1,2.866
M-norepair,Q057,group_topk,easy,accept,1,1,0,1,2.082
M-norepair,Q058,group_topk,medium,reject,0,0,0,1,2.588
M-norepair,Q059,group_topk,medium,accept,0,1,0,1,2.606
M-norepair,Q062,path_relation,easy,accept,1,1,0,1,2.127
M-norepair,Q063,path_relation,medium,accept,1,1,0,1,1.431
M-norepair,Q065,delay_analysis,hard,accept,1,1,0,1,2.593
M-norepair,Q066,delay_analysis,hard,reject,0,0,0,1,2.306
M-norepair,Q067,delay_analysis,hard,accept,1,1,0,1,2.189
M-norepair,Q068,delay_analysis,hard,accept,0,1,0,1,2.206
M-norepair,Q069,delay_analysis,hard,reject,0,0,0,1,2.228
M-norepair,Q070,delay_analysis,hard,reject,0,0,0,1,2.047
M-norepair,Q075,anomaly_filter,hard,reject,0,0,0,1,2.425
M-norepair,Q076,anomaly_filter,hard,accept,0,1,0,1,3.177
M-norepair,Q077,anomaly_filter,hard,accept,0,1,0,1,2.711
M-norepair,Q078,anomaly_filter,hard,reject,0,0,0,1,2.033
M-norepair,Q079,anomaly_filter,hard,accept,1,1,0,1,2.591
M-norepair,Q080,anomaly_filter,hard,accept,1,1,0,1,2.664
M-norepair,Q085,window_agg,medium,accept,1,1,0,1,3.118
M-norepair,Q086,window_agg,medium,exec_error,0,0,0,1,2.858
M-norepair,Q087,window_agg,medium,accept,0,1,0,1,2.15
M-norepair,Q088,window_agg,medium,reject,0,0,0,1,2.688
M-norepair,Q089,window_agg,medium,reject,0,0,0,1,2.969
M-norepair,Q090,window_agg,hard,reject,0,0,0,1,3.979
M-norepair,Q091,window_agg,hard,accept,1,1,0,1,3.159
M-norepair,Q097,nested_agg,hard,accept,1,1,0,1,2.266
M-norepair,Q098,nested_agg,hard,accept,1,1,0,1,2.273
M-norepair,Q099,nested_agg,hard,reject,0,0,0,1,2.721
M-norepair,Q100,nested_agg,hard,exec_error,0,0,0,1,3.102
M-norepair,Q101,nested_agg,hard,accept,1,1,0,1,2.762
M-norepair,Q102,nested_agg,hard,accept,1,1,0,1,2.859
M-norepair,Q109,conformance,medium,accept,1,1,0,1,1.539
M-norepair,Q110,conformance,medium,accept,0,1,0,1,1.521
M-norepair,Q111,conformance,medium,accept,1,1,0,1,1.433
M-norepair,Q112,conformance,hard,accept,0,1,0,1,1.533
M-norepair,Q113,conformance,hard,exec_error,0,0,0,1,2.536
M-norepair,Q114,conformance,hard,reject,0,0,0,1,3.07
M-noverifier,Q003,count_filter,easy,accept,1,1,0,1,1.584
M-noverifier,Q004,count_filter,easy,accept,1,1,0,1,1.977
M-noverifier,Q005,count_filter,easy,accept,1,1,0,1,1.955
M-noverifier,Q007,group_topk,easy,accept,1,1,0,1,2.223
M-noverifier,Q008,group_topk,easy,accept,1,1,0,1,2.401
M-noverifier,Q010,group_topk,easy,accept,1,1,0,1,2.48
M-noverifier,Q011,group_topk,easy,accept,1,1,0,1,2.285
M-noverifier,Q015,path_relation,medium,accept,1,1,0,1,2.395
M-noverifier,Q016,path_relation,medium,accept,1,1,0,1,2.041
M-noverifier,Q017,path_relation,medium,accept,1,1,0,1,2.121
M-noverifier,Q019,temporal_trend,medium,accept,1,1,0,1,2.445
M-noverifier,Q020,temporal_trend,medium,accept,1,1,0,1,2.556
M-noverifier,Q022,temporal_trend,medium,accept,1,1,0,1,2.677
M-noverifier,Q023,temporal_trend,medium,accept,1,1,0,1,2.906
M-noverifier,Q024,temporal_trend,medium,accept,1,1,0,1,2.694
M-noverifier,Q025,delay_analysis,hard,accept,1,1,0,1,2.562
M-noverifier,Q027,delay_analysis,hard,accept,1,1,0,1,2.275
M-noverifier,Q028,anomaly_filter,hard,accept,1,1,0,1,2.603
M-noverifier,Q029,anomaly_filter,hard,accept,1,1,0,1,2.612
M-noverifier,Q031,count_filter,easy,accept,1,1,0,1,1.971
M-noverifier,Q032,count_filter,easy,accept,1,1,0,1,2.1
M-noverifier,Q033,count_filter,easy,accept,1,1,0,1,2.221
M-noverifier,Q034,count_filter,easy,accept,1,1,0,1,2.276
M-noverifier,Q036,temporal_trend,medium,accept,1,1,0,1,2.641
M-noverifier,Q037,temporal_trend,medium,accept,1,1,0,1,2.476
M-noverifier,Q038,count_filter,easy,accept,1,1,0,1,2.268
M-noverifier,Q039,path_relation,medium,accept,1,1,0,1,2.009
M-noverifier,Q041,temporal_trend,medium,accept,1,1,0,1,2.536
M-noverifier,Q042,delay_analysis,hard,accept,1,1,0,1,2.295
M-noverifier,Q045,count_filter,easy,accept,1,1,0,1,2.2
M-noverifier,Q046,path_relation,medium,accept,1,1,0,1,1.437
M-noverifier,Q047,path_relation,hard,accept,0,1,0,1,2.533
M-noverifier,Q048,path_relation,medium,accept,1,1,0,1,3.152
M-noverifier,Q049,count_filter,easy,accept,1,1,0,1,1.971
M-noverifier,Q051,temporal_trend,medium,accept,1,1,0,1,2.728
M-noverifier,Q052,temporal_trend,medium,accept,1,1,0,1,2.586
M-noverifier,Q053,temporal_trend,medium,accept,1,1,0,1,3.095
M-noverifier,Q054,temporal_trend,medium,accept,1,1,0,1,2.887
M-noverifier,Q057,group_topk,easy,accept,1,1,0,1,2.197
M-noverifier,Q058,group_topk,medium,exec_error,0,0,0,1,2.749
M-noverifier,Q059,group_topk,medium,accept,0,1,0,1,2.464
M-noverifier,Q062,path_relation,easy,accept,1,1,0,1,1.962
M-noverifier,Q063,path_relation,medium,accept,1,1,0,1,1.442
M-noverifier,Q065,delay_analysis,hard,accept,1,1,0,1,2.315
M-noverifier,Q066,delay_analysis,hard,reject,0,0,0,1,2.276
M-noverifier,Q067,delay_analysis,hard,accept,1,1,0,1,2.29
M-noverifier,Q068,delay_analysis,hard,accept,0,1,0,1,2.258
M-noverifier,Q069,delay_analysis,hard,reject,0,0,0,1,2.253
M-noverifier,Q070,delay_analysis,hard,reject,0,0,0,1,2.258
M-noverifier,Q075,anomaly_filter,hard,exec_error,0,0,0,1,2.25
M-noverifier,Q076,anomaly_filter,hard,accept,0,1,0,1,3.135
M-noverifier,Q077,anomaly_filter,hard,accept,0,1,0,1,2.375
M-noverifier,Q078,anomaly_filter,hard,reject,0,0,0,1,2.091
M-noverifier,Q079,anomaly_filter,hard,accept,1,1,0,1,2.551
M-noverifier,Q080,anomaly_filter,hard,accept,1,1,0,1,2.804
M-noverifier,Q085,window_agg,medium,accept,1,1,0,1,3.193
M-noverifier,Q086,window_agg,medium,exec_error,0,0,0,1,2.813
M-noverifier,Q087,window_agg,medium,accept,0,1,0,1,2.088
M-noverifier,Q088,window_agg,medium,reject,0,0,0,1,2.767
M-noverifier,Q089,window_agg,medium,reject,0,0,0,1,3.026
M-noverifier,Q090,window_agg,hard,reject,0,0,0,1,4.509
M-noverifier,Q091,window_agg,hard,accept,1,1,0,1,3.181
M-noverifier,Q097,nested_agg,hard,accept,1,1,0,1,2.316
M-noverifier,Q098,nested_agg,hard,accept,1,1,0,1,2.246
M-noverifier,Q099,nested_agg,hard,reject,0,0,0,1,2.916
M-noverifier,Q100,nested_agg,hard,exec_error,0,0,0,1,3.278
M-noverifier,Q101,nested_agg,hard,accept,1,1,0,1,2.641
M-noverifier,Q102,nested_agg,hard,accept,1,1,0,1,2.976
M-noverifier,Q109,conformance,medium,accept,1,1,0,1,1.539
M-noverifier,Q110,conformance,medium,accept,0,1,0,1,1.777
M-noverifier,Q111,conformance,medium,accept,1,1,0,1,1.571
M-noverifier,Q112,conformance,hard,accept,0,1,0,1,1.456
M-noverifier,Q113,conformance,hard,exec_error,0,0,0,1,2.296
M-noverifier,Q114,conformance,hard,accept,1,1,0,1,3.099
